epoch,train_loss,val_loss,train_acc,val_acc,val_f1_macro
1,0.89120670819077,0.5451416718959808,0.544889129259059,0.7108585858585859,0.6163256394996371
2,0.4764989550257551,0.5516076827049256,0.7979989183342348,0.8093434343434344,0.6980438073032027
3,0.31467497046908427,0.49456912457942964,0.8818280151433208,0.8409090909090909,0.7389866818063539
4,0.2324438694671824,0.5465509128570557,0.9283396430502975,0.8421717171717171,0.7338713690624665
5,0.15958410010127158,0.6122913867235183,0.9497025419145484,0.8724747474747475,0.7700377249308635
6,0.12392879303159385,0.668232753276825,0.9626825310978907,0.8813131313131313,0.7784650201430868
